k,ndcg@k,precision@k
4,0.9579578102379824,0.9571428571428572
8,0.9537210328061558,0.9511904761904761
16,0.9392904890380905,0.930952380952381
20,0.9325848100873202,0.9223809523809523
