k,ndcg@k,precision@k
4,0.74640809156894,0.7285714285714285
8,0.6960600423412563,0.6654761904761904
16,0.6323913917247646,0.5898809523809524
20,0.6107549861032047,0.5657142857142857
